isColor,director_name,num_critic_for_reviews,duration,actor1_facebook_likes,gross,actor_1_name,movie_title,num_voted_users,facenumber_in_poster,isInUSA,country,content_rating,budget,title_year,imdb_score,aspect_ratio
bool,String,int,int,int,double,String,String,int,int,bool,String,String,double,int,double,double
TRUE,James_Cameron,723,178,1000,760505847,CCH_Pounder,Avatar,886204,0,TRUE,USA,PG-13,237000000,2009,7.9,1.78
TRUE,Gore_Verbinski,302,169,40000,309404152,Johnny_Depp,Pirates_of_the_Caribbean_At_World's_End,471220,0,TRUE,USA,PG-13,300000000,2007,7.1,2.35
TRUE,Sam_Mendes,602,148,11000,200074175,Christoph_Waltz,Spectre,275868,1,TRUE,UK,PG-13,245000000,2015,6.8,2.35
TRUE,Christopher_Nolan,813,164,27000,448130642,Tom_Hardy,The_Dark_Knight_Rises,1144337,0,TRUE,USA,PG-13,250000000,2012,8.5,2.35
TRUE,Andrew_Stanton,462,132,640,73058679,Daryl_Sabara,John_Carter,212204,1,TRUE,USA,PG-13,263700000,2012,6.6,2.35
TRUE,Sam_Raimi,392,156,24000,336530303,J.K._Simmons,Spider-Man_3,383056,0,TRUE,USA,PG-13,258000000,2007,6.2,2.35
TRUE,Nathan_Greno,324,100,799,200807262,Brad_Garrett,Tangled,294810,1,TRUE,USA,PG,260000000,2010,7.8,1.85
TRUE,Joss_Whedon,635,141,26000,458991599,Chris_Hemsworth,Avengers_Age_of_Ultron,462669,4,TRUE,USA,PG-13,250000000,2015,7.5,2.35
TRUE,David_Yates,375,153,25000,301956980,Alan_Rickman,Harry_Potter_and_the_Half-Blood_Prince,321795,3,TRUE,UK,PG,250000000,2009,7.5,2.35
TRUE,Zack_Snyder,673,183,15000,330249062,Henry_Cavill,Batman_v_Superman_Dawn_of_Justice,371639,0,TRUE,USA,PG-13,250000000,2016,6.9,2.35
TRUE,Bryan_Singer,434,169,18000,200069408,Kevin_Spacey,Superman_Returns,240396,0,TRUE,USA,PG-13,209000000,2006,6.1,2.35
TRUE,Marc_Forster,403,106,451,168368427,Giancarlo_Giannini,Quantum_of_Solace,330784,1,TRUE,UK,PG-13,200000000,2008,6.7,2.35
TRUE,Gore_Verbinski,313,151,40000,423032628,Johnny_Depp,Pirates_of_the_Caribbean_Dead_Man's_Chest,522040,2,TRUE,USA,PG-13,225000000,2006,7.3,2.35
TRUE,Gore_Verbinski,450,150,40000,89289910,Johnny_Depp,The_Lone_Ranger,181792,1,TRUE,USA,PG-13,215000000,2013,6.5,2.35
TRUE,Zack_Snyder,733,143,15000,291021565,Henry_Cavill,Man_of_Steel,548573,0,TRUE,USA,PG-13,225000000,2013,7.2,2.35
TRUE,Andrew_Adamson,258,150,22000,141614023,Peter_Dinklage,The_Chronicles_of_Narnia_Prince_Caspian,149922,4,TRUE,USA,PG,225000000,2008,6.6,2.35
TRUE,Joss_Whedon,703,173,26000,623279547,Chris_Hemsworth,The_Avengers,995415,3,TRUE,USA,PG-13,220000000,2012,8.1,1.85
TRUE,Rob_Marshall,448,136,40000,241063875,Johnny_Depp,Pirates_of_the_Caribbean_On_Stranger_Tides,370704,4,TRUE,USA,PG-13,250000000,2011,6.7,2.35
TRUE,Barry_Sonnenfeld,451,106,10000,179020854,Will_Smith,Men_in_Black_3,268154,1,TRUE,USA,PG-13,225000000,2012,6.8,1.85
TRUE,Peter_Jackson,422,164,5000,255108370,Aidan_Turner,The_Hobbit_The_Battle_of_the_Five_Armies,354228,0,TRUE,New Zealand,PG-13,250000000,2014,7.5,2.35
TRUE,Marc_Webb,599,153,15000,262030663,Emma_Stone,The_Amazing_Spider-Man,451803,0,TRUE,USA,PG-13,230000000,2012,7,2.35
TRUE,Ridley_Scott,343,156,891,105219735,Mark_Addy,Robin_Hood,211765,0,TRUE,USA,PG-13,200000000,2010,6.7,2.35
TRUE,Peter_Jackson,509,186,5000,258355354,Aidan_Turner,The_Hobbit_The_Desolation_of_Smaug,483540,6,TRUE,USA,PG-13,225000000,2013,7.9,2.35
TRUE,Chris_Weitz,251,113,16000,70083519,Christopher_Lee,The_Golden_Compass,149019,2,TRUE,USA,PG-13,180000000,2007,6.1,2.35
TRUE,Peter_Jackson,446,201,6000,218051260,Naomi_Watts,King_Kong,316018,0,TRUE,New Zealand,PG-13,207000000,2005,7.2,2.35
TRUE,James_Cameron,315,194,29000,658672302,Leonardo_DiCaprio,Titanic,793059,0,TRUE,USA,PG-13,200000000,1997,7.7,2.35
TRUE,Anthony_Russo,516,147,21000,407197282,Robert_Downey_Jr.,Captain_America_Civil_War,272670,0,TRUE,USA,PG-13,250000000,2016,8.2,2.35
TRUE,Peter_Berg,377,131,14000,65173160,Liam_Neeson,Battleship,202382,0,TRUE,USA,PG-13,209000000,2012,5.9,2.35
TRUE,Colin_Trevorrow,644,124,3000,652177271,Bryce_Dallas_Howard,Jurassic_World,418214,0,TRUE,USA,PG-13,150000000,2015,7,2
TRUE,Sam_Mendes,750,143,883,304360277,Albert_Finney,Skyfall,522030,0,TRUE,UK,PG-13,200000000,2012,7.8,2.35
TRUE,Sam_Raimi,300,135,24000,373377893,J.K._Simmons,Spider-Man_2,411164,1,TRUE,USA,PG-13,200000000,2004,7.3,2.35
TRUE,Shane_Black,608,195,21000,408992272,Robert_Downey_Jr.,Iron_Man_3,557489,3,TRUE,USA,PG-13,200000000,2013,7.2,2.35
TRUE,Tim_Burton,451,108,40000,334185206,Johnny_Depp,Alice_in_Wonderland,306320,0,TRUE,USA,PG,200000000,2010,6.5,1.85
TRUE,Brett_Ratner,334,104,20000,234360014,Hugh_Jackman,X-Men_The_Last_Stand,383427,0,TRUE,Canada,PG-13,210000000,2006,6.8,2.35
TRUE,Dan_Scanlon,376,104,12000,268488329,Steve_Buscemi,Monsters_University,235025,0,TRUE,USA,G,200000000,2013,7.3,1.85
TRUE,Michael_Bay,366,150,894,402076689,Glenn_Morshower,Transformers_Revenge_of_the_Fallen,323207,0,TRUE,USA,PG-13,200000000,2009,6,2.35
TRUE,Michael_Bay,378,165,974,245428137,Bingbing_Li,Transformers_Age_of_Extinction,242420,2,TRUE,USA,PG-13,210000000,2014,5.7,2.35
TRUE,Sam_Raimi,525,130,44000,234903076,Tim_Holmes,Oz_the_Great_and_Powerful,175409,4,TRUE,USA,PG,215000000,2013,6.4,2.35
TRUE,Marc_Webb,495,142,15000,202853933,Emma_Stone,The_Amazing_Spider-Man_2,321227,0,TRUE,USA,PG-13,200000000,2014,6.7,2.35
TRUE,Joseph_Kosinski,469,125,12000,172051787,Jeff_Bridges,TRON_Legacy,264183,0,TRUE,USA,PG,170000000,2010,6.8,2.35
TRUE,John_Lasseter,304,106,1000,191450875,Joe_Mantegna,Cars_2,101178,0,TRUE,USA,G,200000000,2011,6.3,2.35
TRUE,Martin_Campbell,436,123,16000,116593191,Ryan_Reynolds,Green_Lantern,223393,2,TRUE,USA,PG-13,200000000,2011,5.6,2.35
TRUE,Lee_Unkrich,453,103,15000,414984497,Tom_Hanks,Toy_Story_3,544884,3,TRUE,USA,G,200000000,2010,8.3,1.85
TRUE,McG,422,118,23000,125320003,Christian_Bale,Terminator_Salvation,286095,0,TRUE,USA,PG-13,200000000,2009,6.6,2.35
TRUE,James_Wan,424,140,26000,350034110,Jason_Statham,Furious_7,278232,0,TRUE,USA,PG-13,190000000,2015,7.2,2.35
TRUE,Marc_Forster,654,123,17000,202351611,Peter_Capaldi,World_War_Z,465019,0,TRUE,USA,PG-13,190000000,2013,7,2.35
TRUE,Bryan_Singer,539,149,34000,233914986,Jennifer_Lawrence,X-Men_Days_of_Future_Past,514125,7,TRUE,USA,PG-13,200000000,2014,8,2.35
TRUE,J.J._Abrams,590,132,19000,228756232,Benedict_Cumberbatch,Star_Trek_Into_Darkness,395573,0,TRUE,USA,PG-13,190000000,2013,7.8,2.35
TRUE,Bryan_Singer,338,114,979,65171860,Eddie_Marsan,Jack_the_Giant_Slayer,106416,1,TRUE,USA,PG-13,195000000,2013,6.3,2.35
TRUE,Baz_Luhrmann,490,143,29000,144812796,Leonardo_DiCaprio,The_Great_Gatsby,362912,4,TRUE,Australia,PG-13,105000000,2013,7.3,2.35
TRUE,Mike_Newell,306,116,15000,90755643,Jake_Gyllenhaal,Prince_of_Persia_The_Sands_of_Time,222403,2,TRUE,USA,PG-13,200000000,2010,6.6,2.35
TRUE,Guillermo_del_Toro,575,131,16000,101785482,Charlie_Hunnam,Pacific_Rim,381148,0,TRUE,USA,PG-13,190000000,2013,7,1.85
TRUE,Michael_Bay,428,154,894,352358779,Glenn_Morshower,Transformers_Dark_of_the_Moon,326180,2,TRUE,USA,PG-13,195000000,2011,6.3,2.35
TRUE,Steven_Spielberg,470,122,11000,317011114,Harrison_Ford,Indiana_Jones_and_the_Kingdom_of_the_Crystal_Skull,333847,2,TRUE,USA,PG-13,185000000,2008,6.2,2.35
TRUE,Mark_Andrews,488,93,2000,237282182,Kelly_Macdonald,Brave,273556,0,TRUE,USA,PG,185000000,2012,7.2,2.35
TRUE,Justin_Lin,322,122,998,130468626,Sofia_Boutella,Star_Trek_Beyond,53607,4,TRUE,USA,PG-13,185000000,2016,7.5,2.35
TRUE,Andrew_Stanton,421,98,1000,223806889,John_Ratzenberger,WALL·E,718837,0,TRUE,USA,G,180000000,2008,8.4,2.35
TRUE,Brett_Ratner,162,91,268,140080850,Tzi_Ma,Rush_Hour_3,121084,2,TRUE,USA,PG-13,140000000,2007,6.2,2.35
TRUE,Roland_Emmerich,367,158,1000,166112167,Oliver_Platt,2012,283418,0,TRUE,USA,PG-13,200000000,2009,5.8,2.35
TRUE,Robert_Zemeckis,240,96,18000,137850096,Robin_Wright,A_Christmas_Carol,72809,0,TRUE,USA,PG,200000000,2009,6.8,2.35
TRUE,Lana_Wachowski,384,127,17000,47375327,Channing_Tatum,Jupiter_Ascending,139593,1,TRUE,USA,PG-13,176000000,2015,5.4,2.35
TRUE,David_Yates,248,110,11000,124051759,Christoph_Waltz,The_Legend_of_Tarzan,42372,2,TRUE,USA,PG-13,180000000,2016,6.6,2.35
TRUE,Andrew_Adamson,284,150,1000,291709845,Jim_Broadbent,The_Chronicles_of_Narnia,286506,5,TRUE,USA,PG,180000000,2005,6.9,2.35
TRUE,Bryan_Singer,396,144,34000,154985087,Jennifer_Lawrence,X-Men_Apocalypse,148379,6,TRUE,USA,PG-13,178000000,2016,7.3,2.35
TRUE,Christopher_Nolan,645,152,23000,533316061,Christian_Bale,The_Dark_Knight,1676169,0,TRUE,USA,PG-13,185000000,2008,9,2.35
TRUE,Pete_Docter,408,96,1000,292979556,John_Ratzenberger,Up,665575,1,TRUE,USA,PG,175000000,2009,8.3,1.85
TRUE,Rob_Letterman,219,94,1000,198332128,Amy_Poehler,Monsters_vs._Aliens,114553,2,TRUE,USA,PG,175000000,2009,6.5,2.35
TRUE,Jon_Favreau,486,126,21000,318298180,Robert_Downey_Jr.,Iron_Man,696338,3,TRUE,USA,PG-13,140000000,2008,7.9,2.35
TRUE,Martin_Scorsese,682,126,17000,73820094,Chloë_Grace_Moretz,Hugo,245333,0,TRUE,USA,PG,170000000,2011,7.5,1.85
TRUE,Barry_Sonnenfeld,85,106,10000,113745408,Will_Smith,Wild_Wild_West,129601,2,TRUE,USA,PG-13,170000000,1999,4.8,1.85
TRUE,Rob_Cohen,264,112,5000,102176165,Jet_Li,The_Mummy_Tomb_of_the_Dragon_Emperor,117927,2,TRUE,USA,PG-13,145000000,2008,5.2,2.35
TRUE,David_Ayer,418,123,10000,161087183,Will_Smith,Suicide_Squad,118992,8,TRUE,USA,PG-13,175000000,2016,6.9,2.35
TRUE,Tom_Shadyac,186,96,87000,100289690,Jimmy_Bennett,Evan_Almighty,115099,0,TRUE,USA,PG,175000000,2007,5.4,2.35
TRUE,Doug_Liman,585,113,10000,100189501,Tom_Cruise,Edge_of_Tomorrow,431620,1,TRUE,USA,PG-13,178000000,2014,7.9,2.35
TRUE,Kevin_Reynolds,91,176,711,88246220,Jeanne_Tripplehorn,Waterworld,144337,0,TRUE,USA,PG-13,175000000,1995,6.1,1.85
TRUE,Stephen_Sommers,250,118,23000,150167630,Joseph_Gordon-Levitt,G.I._Joe_The_Rise_of_Cobra,174578,4,TRUE,USA,PG-13,175000000,2009,5.8,2.35
TRUE,Pete_Docter,536,95,1000,356454367,Amy_Poehler,Inside_Out,345198,1,TRUE,USA,PG,175000000,2015,8.3,1.85
TRUE,Jon_Favreau,370,106,19000,362645141,Scarlett_Johansson,The_Jungle_Book,106072,0,TRUE,UK,PG,175000000,2016,7.8,1.85
TRUE,Jon_Favreau,453,124,21000,312057433,Robert_Downey_Jr.,Iron_Man_2,522371,4,TRUE,USA,PG-13,200000000,2010,7,2.35
TRUE,Rupert_Sanders,416,132,26000,155111815,Chris_Hemsworth,Snow_White_and_the_Huntsman,228554,0,TRUE,USA,PG-13,170000000,2012,6.1,2.35
TRUE,Robert_Stromberg,401,97,11000,241407328,Angelina_Jolie_Pitt,Maleficent,252257,2,TRUE,USA,PG,180000000,2014,7,2.35
TRUE,Matt_Reeves,521,130,10000,208543795,Gary_Oldman,Dawn_of_the_Planet_of_the_Apes,317542,0,TRUE,USA,PG-13,170000000,2014,7.6,1.85
TRUE,Carl_Rinsch,218,128,18000,38297305,Keanu_Reeves,47_Ronin,116994,2,TRUE,USA,PG-13,175000000,2013,6.3,2.35
TRUE,Anthony_Russo,576,136,19000,259746958,Scarlett_Johansson,Captain_America_The_Winter_Soldier,496749,1,TRUE,USA,PG-13,170000000,2014,7.8,2.35
TRUE,Mike_Mitchell,226,93,4000,238371987,Jon_Hamm,Shrek_Forever_After,138661,2,TRUE,USA,PG,165000000,2010,6.4,2.35
TRUE,Brad_Bird,443,130,2000,93417865,Judy_Greer,Tomorrowland,128306,2,TRUE,USA,PG,190000000,2015,6.5,2.2
TRUE,Don_Hall,384,102,756,222487711,Damon_Wayans_Jr.,Big_Hero_6,279093,0,TRUE,USA,PG,165000000,2014,7.9,2.39
TRUE,Rich_Moore,377,101,975,189412677,Jack_McBrayer,Wreck-It_Ralph,272534,1,TRUE,USA,PG,165000000,2012,7.8,2.35
TRUE,Robert_Zemeckis,188,100,15000,665426,Tom_Hanks,The_Polar_Express,120798,0,TRUE,USA,G,165000000,2004,6.6,2.35
TRUE,Roland_Emmerich,286,120,890,102315545,Vivica_A._Fox,Independence_Day_Resurgence,58137,0,TRUE,USA,PG-13,165000000,2016,5.5,2.35
TRUE,Dean_DeBlois,288,98,18000,217387997,Gerard_Butler,How_to_Train_Your_Dragon,485430,0,TRUE,USA,PG,165000000,2010,8.2,2.35
TRUE,Jonathan_Mostow,280,109,648,150350192,Nick_Stahl,Terminator_3_Rise_of_the_Machines,305340,0,TRUE,USA,R,200000000,2003,6.4,2.35
TRUE,James_Gunn,653,121,14000,333130696,Bradley_Cooper,Guardians_of_the_Galaxy,682155,3,TRUE,USA,PG-13,170000000,2014,8.1,2.35
TRUE,Christopher_Nolan,712,169,11000,187991439,Matthew_McConaughey,Interstellar,928227,1,TRUE,USA,PG-13,165000000,2014,8.6,2.35
TRUE,Christopher_Nolan,642,148,29000,292568851,Leonardo_DiCaprio,Inception,1468200,0,TRUE,USA,PG-13,160000000,2010,8.8,2.35
TRUE,Rob_Cohen,187,106,23000,144512310,Paul_Walker,The_Fast_and_the_Furious,272223,2,TRUE,USA,PG-13,38000000,2001,6.7,2.35
TRUE,David_Fincher,362,166,11000,127490802,Brad_Pitt,The_Curious_Case_of_Benjamin_Button,459346,2,TRUE,USA,PG-13,150000000,2008,7.8,2.35
TRUE,Matthew_Vaughn,500,132,34000,146405371,Jennifer_Lawrence,X-Men_First_Class,518537,3,TRUE,USA,PG-13,160000000,2011,7.8,2.35
TRUE,Francis_Lawrence,389,137,34000,281666058,Jennifer_Lawrence,The_Hunger_Games_Mockingjay_-_Part_2,166137,1,TRUE,USA,PG-13,160000000,2015,6.6,2.35
TRUE,Jon_Turteltaub,235,109,12000,63143812,Nicolas_Cage,The_Sorcerer's_Apprentice,124185,0,TRUE,USA,PG,150000000,2010,6.1,2.35
TRUE,Wolfgang_Petersen,231,98,87000,60655503,Jimmy_Bennett,Poseidon,82380,0,TRUE,USA,PG-13,160000000,2006,5.6,2.35
TRUE,James_Bobin,218,113,40000,76846624,Johnny_Depp,Alice_Through_the_Looking_Glass,21352,1,TRUE,USA,PG,170000000,2016,6.4,1.85
TRUE,Chris_Miller,227,93,3000,320706665,Justin_Timberlake,Shrek_the_Third,211971,2,TRUE,USA,PG,160000000,2007,6.1,1.85
TRUE,Duncan_Jones,275,123,3000,46978995,Dominic_Cooper,Warcraft,111609,0,TRUE,USA,PG-13,160000000,2016,7.3,2.35
TRUE,Alan_Taylor,474,126,24000,89732035,J.K._Simmons,Terminator_Genisys,188457,2,TRUE,USA,PG-13,155000000,2015,6.6,2.35
TRUE,Michael_Apted,228,113,531,104383624,Bruce_Spence,The_Chronicles_of_Narnia_The_Voyage_of_the_Dawn_Treader,106446,4,TRUE,USA,PG,155000000,2010,6.3,1.78
 FALSE,Michael_Bay,191,184,3000,198539855,Jennifer_Garner,Pearl_Harbor,254111,0,TRUE,USA,PG-13,140000000,2001,6.1,2.35
TRUE,Michael_Bay,396,144,662,318759914,Zack_Ward,Transformers,513158,0,TRUE,USA,PG-13,150000000,2007,7.1,2.35
TRUE,Oliver_Stone,248,206,12000,34293771,Anthony_Hopkins,Alexander,138863,3,TRUE,Germany,R,155000000,2004,5.5,2.35
TRUE,David_Yates,329,138,21000,292000866,Robert_Pattinson,Harry_Potter_and_the_Order_of_the_Phoenix,355137,3,TRUE,UK,PG-13,150000000,2007,7.5,2.35
TRUE,Mike_Newell,295,157,21000,289994397,Robert_Pattinson,Harry_Potter_and_the_Goblet_of_Fire,385670,1,TRUE,UK,PG-13,150000000,2005,7.6,2.35
TRUE,Peter_Berg,318,102,10000,227946274,Will_Smith,Hancock,343648,0,TRUE,USA,PG-13,150000000,2008,6.4,2.35
TRUE,Francis_Lawrence,323,104,10000,256386216,Will_Smith,I_Am_Legend,530870,0,TRUE,USA,PG-13,150000000,2007,7.2,2.35
TRUE,Tim_Burton,276,115,40000,206456431,Johnny_Depp,Charlie_and_the_Chocolate_Factory,320284,3,TRUE,USA,PG,150000000,2005,6.7,1.85
TRUE,Brad_Bird,318,111,1000,206435493,Janeane_Garofalo,Ratatouille,473887,0,TRUE,USA,G,150000000,2007,8,2.35
TRUE,Christopher_Nolan,478,128,23000,205343774,Christian_Bale,Batman_Begins,980946,0,TRUE,USA,PG-13,150000000,2005,8.3,2.35
TRUE,Eric_Darnell,167,89,1000,179982968,Bernie_Mac,Madagascar_Escape_2_Africa,146019,0,TRUE,USA,PG,150000000,2008,6.7,1.85
TRUE,Shawn_Levy,185,105,49000,177243721,Robin_Williams,Night_at_the_Museum_Battle_of_the_Smithsonian,130272,2,TRUE,USA,PG,150000000,2009,5.9,2.35
TRUE,Gavin_Hood,350,119,20000,179883016,Hugh_Jackman,X-Men_Origins_Wolverine,361924,0,TRUE,USA,PG-13,150000000,2009,6.7,2.35
TRUE,Lana_Wachowski,245,129,309,139259759,Essie_Davis,The_Matrix_Revolutions,364948,0,TRUE,Australia,R,150000000,2003,6.7,2.35
TRUE,Chris_Buck,406,102,1000,400736600,Josh_Gad,Frozen,421658,0,TRUE,USA,PG,150000000,2013,7.6,2.24
TRUE,Lana_Wachowski,275,138,234,281492479,Steve_Bastoni,The_Matrix_Reloaded,421818,0,TRUE,USA,R,150000000,2003,7.2,2.35
TRUE,Alan_Taylor,486,112,26000,206360018,Chris_Hemsworth,Thor_The_Dark_World,414070,3,TRUE,USA,PG-13,170000000,2013,7.1,2.35
TRUE,George_Miller,739,120,27000,153629485,Tom_Hardy,Mad_Max_Fury_Road,552503,0,TRUE,Australia,R,150000000,2015,8.1,2.35
TRUE,Ron_Howard,298,146,15000,133375846,Tom_Hanks,Angels_&_Demons,207839,2,TRUE,USA,PG-13,150000000,2009,6.7,2.35
TRUE,Kenneth_Branagh,516,115,26000,181015141,Chris_Hemsworth,Thor,536314,1,TRUE,USA,PG-13,150000000,2011,7,2.35
TRUE,Byron_Howard,225,96,17000,114053579,Chloë_Grace_Moretz,Bolt,146766,0,TRUE,USA,PG,150000000,2008,6.9,1.85
TRUE,Hoyt_Yeatman,145,88,730,119420252,Kelli_Garner,G-Force,33042,0,TRUE,USA,PG,150000000,2009,5.1,2.35
TRUE,Jonathan_Liebesman,310,99,14000,83640426,Liam_Neeson,Wrath_of_the_Titans,152826,0,TRUE,USA,PG-13,150000000,2012,5.8,1.85
TRUE,Tim_Burton,526,113,40000,79711678,Johnny_Depp,Dark_Shadows,199039,7,TRUE,USA,PG-13,100000000,2012,6.2,1.85
TRUE,Christopher_McQuarrie,465,131,10000,195000874,Tom_Cruise,Mission_Impossible_-_Rogue_Nation,232187,0,TRUE,China,PG-13,150000000,2015,7.4,2.35
TRUE,Joe_Johnston,357,119,12000,61937495,Anthony_Hopkins,The_Wolfman,89442,0,TRUE,USA,R,150000000,2010,5.8,1.85
TRUE,David_Yates,248,110,11000,124051759,Christoph_Waltz,The_Legend_of_Tarzan,42372,2,TRUE,USA,PG-13,180000000,2016,6.6,2.35
TRUE,Steve_Hickner,194,91,2000,126597121,Matthew_Broderick,Bee_Movie,105902,0,TRUE,USA,PG,150000000,2007,6.2,1.85
TRUE,Jennifer_Yuh_Nelson,284,90,11000,165230261,Angelina_Jolie_Pitt,Kung_Fu_Panda_2,182718,0,TRUE,USA,PG,150000000,2011,7.3,2.35
TRUE,M._Night_Shyamalan,280,103,1000,131564731,Seychelle_Gabriel,The_Last_Airbender,118951,0,TRUE,USA,PG,150000000,2010,4.2,2.35
TRUE,J.J._Abrams,310,124,22000,133382309,Philip_Seymour_Hoffman,Mission_Impossible_III,256695,0,TRUE,USA,PG-13,150000000,2006,6.9,2.35
TRUE,Roland_Emmerich,339,131,17000,73103784,Channing_Tatum,White_House_Down,164238,2,TRUE,USA,PG-13,150000000,2013,6.4,2.35
TRUE,Simon_Wells,132,88,921,21379315,Elisabeth_Harnois,Mars_Needs_Moms,17590,0,TRUE,USA,PG,150000000,2011,5.4,2.35
TRUE,David_Bowers,135,85,20000,64459316,Hugh_Jackman,Flushed_Away,85086,0,TRUE,UK,PG,149000000,2006,6.7,1.85
TRUE,Joe_Wright,256,111,20000,34964818,Hugh_Jackman,Pan,39956,4,TRUE,USA,PG,150000000,2015,5.8,2.35
TRUE,Rob_Minkoff,196,92,3000,111505642,Ty_Burrell,Mr._Peabody_&_Sherman,47900,2,TRUE,USA,PG,145000000,2014,6.9,1.85
TRUE,Wolfgang_Petersen,220,196,11000,133228348,Brad_Pitt,Troy,381672,2,TRUE,USA,R,175000000,2004,7.2,2.35
TRUE,Eric_Darnell,211,93,851,216366733,Jada_Pinkett_Smith,Madagascar_3_Europe's_Most_Wanted,119213,0,TRUE,USA,PG,145000000,2012,6.9,1.85
 FALSE,Lee_Tamahori,264,133,769,160201106,Toby_Stephens,Die_Another_Day,169914,0,TRUE,UK,PG-13,142000000,2002,6.1,2.35
TRUE,Paul_Feig,464,116,783,118099659,Ed_Begley_Jr.,Ghostbusters,69757,4,TRUE,USA,PG-13,144000000,2016,5.5,2.35
TRUE,Michael_Bay,167,153,13000,201573391,Bruce_Willis,Armageddon,322395,0,TRUE,USA,PG-13,140000000,1998,6.6,2.35
TRUE,Barry_Sonnenfeld,208,88,10000,190418803,Will_Smith,Men_in_Black_II,270207,2,TRUE,USA,PG-13,140000000,2002,6.1,1.85
TRUE,Robert_Zemeckis,287,115,18000,82161969,Robin_Wright,Beowulf,142440,1,TRUE,USA,PG-13,150000000,2007,6.3,2.35
TRUE,Alessandro_Carloni,210,95,24000,143523463,J.K._Simmons,Kung_Fu_Panda_3,64322,0,TRUE,USA,PG,145000000,2016,7.2,2.35
TRUE,Brad_Bird,432,133,10000,209364921,Tom_Cruise,Mission_Impossible_-_Ghost_Protocol,365104,3,TRUE,USA,PG-13,145000000,2011,7.4,2.35
TRUE,Peter_Ramsey,256,97,20000,103400692,Hugh_Jackman,Rise_of_the_Guardians,123553,0,TRUE,USA,PG,145000000,2012,7.3,1.85
TRUE,Dean_Parisot,135,90,957,110332737,John_Michael_Higgins,Fun_with_Dick_and_Jane,110788,1,TRUE,USA,PG-13,100000000,2005,6.1,2.35
TRUE,Edward_Zwick,190,154,10000,111110575,Tom_Cruise,The_Last_Samurai,317166,1,TRUE,USA,R,140000000,2003,7.7,2.35
TRUE,Ridley_Scott,314,150,23000,65007045,Christian_Bale,Exodus_Gods_and_Kings,128682,0,TRUE,UK,PG-13,140000000,2014,6.1,2.35
TRUE,J.J._Abrams,518,127,26000,257704099,Chris_Hemsworth,Star_Trek,504419,0,TRUE,USA,PG-13,150000000,2009,8,2.35
TRUE,Sam_Raimi,291,121,24000,403706375,J.K._Simmons,Spider-Man,544665,0,TRUE,USA,PG-13,139000000,2002,7.3,1.85
TRUE,Dean_DeBlois,292,102,18000,176997107,Gerard_Butler,How_to_Train_Your_Dragon_2,221128,5,TRUE,USA,PG,145000000,2014,7.9,2.35
TRUE,Alex_Proyas,184,126,18000,31141074,Gerard_Butler,Gods_of_Egypt,51892,4,TRUE,USA,PG-13,140000000,2016,5.5,2.35
TRUE,Rob_Cohen,145,121,820,31704416,Sam_Shepard,Stealth,45455,0,TRUE,USA,PG-13,135000000,2005,5,2.35
TRUE,Zack_Snyder,451,215,986,107503316,Matt_Frewer,Watchmen,392474,1,TRUE,USA,R,130000000,2009,7.7,2.35
TRUE,Richard_Donner,141,127,5000,129734803,Jet_Li,Lethal_Weapon_4,127497,2,TRUE,USA,R,140000000,1998,6.6,2.35
TRUE,Ang_Lee,267,138,820,132122995,Kevin_Rankin,Hulk,212106,0,TRUE,USA,PG-13,137000000,2003,5.7,1.85
TRUE,Jon_M._Chu,351,122,17000,122512052,Channing_Tatum,G.I._Joe_Retaliation,146352,6,TRUE,USA,PG-13,130000000,2013,5.8,2.35
TRUE,Breck_Eisner,163,124,11000,68642452,Matthew_McConaughey,Sahara,77673,3,TRUE,UK,PG-13,130000000,2005,6,2.35
TRUE,Hironobu_Sakaguchi,166,106,12000,32131830,Steve_Buscemi,Final_Fantasy_The_Spirits_Within,72259,1,TRUE,USA,PG-13,137000000,2001,6.4,1.85
TRUE,Joe_Johnston,510,124,11000,176636816,Chris_Evans,Captain_America_The_First_Avenger,508818,0,TRUE,USA,PG-13,140000000,2011,6.9,2.35
TRUE,Michael_Apted,197,128,766,126930660,Colin_Salmon,The_World_Is_Not_Enough,157519,2,TRUE,UK,PG-13,135000000,1999,6.4,2.35
TRUE,Peter_Weir,244,138,613,93926386,James_D'Arcy,Master_and_Commander_The_Far_Side_of_the_World,168207,1,TRUE,USA,PG-13,150000000,2003,7.4,2.35
TRUE,Bill_Condon,322,115,21000,292298923,Robert_Pattinson,The_Twilight_Saga_Breaking_Dawn_-_Part_2,185394,3,TRUE,USA,PG-13,120000000,2012,5.5,2.35
TRUE,George_Miller,156,100,49000,63992328,Robin_Williams,Happy_Feet_2,32399,0,TRUE,Australia,PG,135000000,2011,5.9,2.35
TRUE,Louis_Leterrier,354,135,3000,134518390,Ty_Burrell,The_Incredible_Hulk,326286,0,TRUE,USA,PG-13,150000000,2008,6.8,2.35
TRUE,Steven_Spielberg,252,117,535,52792307,Mark_Rylance,The_BFG,12572,0,TRUE,UK,PG,140000000,2016,6.8,2.35
TRUE,Alejandro_G._Iñárritu,556,156,29000,183635922,Leonardo_DiCaprio,The_Revenant,406020,0,TRUE,USA,R,135000000,2015,8.1,2.35
TRUE,David_Soren,166,96,16000,83024900,Ryan_Reynolds,Turbo,62424,0,TRUE,USA,PG,135000000,2013,6.5,2.35
TRUE,Gore_Verbinski,362,107,40000,123207194,Johnny_Depp,Rango,183208,0,TRUE,USA,PG,135000000,2011,7.2,2.35
TRUE,Eric_Darnell,153,92,19000,83348920,Benedict_Cumberbatch,Penguins_of_Madagascar,60230,0,TRUE,USA,PG,132000000,2014,6.7,1.85
TRUE,Paul_Greengrass,329,115,13000,227137090,Matt_Damon,The_Bourne_Ultimatum,491077,0,TRUE,USA,PG-13,110000000,2007,8.1,2.35
TRUE,Mark_Osborne,266,92,11000,215395021,Angelina_Jolie_Pitt,Kung_Fu_Panda,307029,0,TRUE,USA,PG,130000000,2008,7.6,2.35
TRUE,Peyton_Reed,517,117,2000,180191634,Judy_Greer,Ant-Man,313866,6,TRUE,USA,PG-13,130000000,2015,7.4,1.85
TRUE,Francis_Lawrence,502,146,34000,424645577,Jennifer_Lawrence,The_Hunger_Games_Catching_Fire,498397,1,TRUE,USA,PG-13,130000000,2013,7.6,2.35
TRUE,Bill_Condon,322,115,21000,292298923,Robert_Pattinson,The_Twilight_Saga_Breaking_Dawn_-_Part_2,185394,3,TRUE,USA,PG-13,120000000,2012,5.5,2.35
TRUE,Tim_Johnson,165,94,17000,177343675,Jim_Parsons,Home,70121,0,TRUE,USA,PG,135000000,2015,6.7,1.85
TRUE,Steven_Spielberg,401,116,10000,234277056,Tom_Cruise,War_of_the_Worlds,334345,0,TRUE,USA,PG-13,132000000,2005,6.5,1.85
TRUE,Michael_Bay,94,147,10000,138396624,Will_Smith,Bad_Boys_II,178126,1,TRUE,USA,R,130000000,2003,6.6,2.35
TRUE,Chris_Miller,246,90,4000,149234747,Salma_Hayek,Puss_in_Boots,114287,0,TRUE,USA,PG,130000000,2011,6.7,2.35
TRUE,Phillip_Noyce,330,101,11000,118311368,Angelina_Jolie_Pitt,Salt,245621,1,TRUE,USA,PG-13,110000000,2010,6.4,2.35
TRUE,Darren_Aronofsky,434,138,12000,101160529,Anthony_Hopkins,Noah,200022,2,TRUE,USA,PG-13,125000000,2014,5.8,1.85
TRUE,Steven_Spielberg,440,107,2000,77564037,Toby_Jones,The_Adventures_of_Tintin,177383,1,TRUE,USA,PG,135000000,2011,7.4,2.35
TRUE,Alfonso_Cuarón,274,142,11000,249358727,Daniel_Radcliffe,Harry_Potter_and_the_Prisoner_of_Azkaban,382255,3,TRUE,UK,PG,130000000,2004,7.8,2.35
TRUE,Baz_Luhrmann,245,165,309,49551662,Essie_Davis,Australia,102338,0,TRUE,Australia,PG-13,130000000,2008,6.6,2.35
TRUE,M._Night_Shyamalan,349,100,10000,60522097,Will_Smith,After_Earth,158720,0,TRUE,USA,PG-13,130000000,2013,4.9,2.35
TRUE,Eric_Leighton,145,82,1000,137748063,Alfre_Woodard,Dinosaur,38438,1,TRUE,USA,PG,127500000,2000,6.5,1.85
TRUE,Shawn_Levy,154,98,49000,113733726,Robin_Williams,Night_at_the_Museum_Secret_of_the_Tomb,67223,7,TRUE,USA,PG,127000000,2014,6.2,1.85
TRUE,Tom_McGrath,233,95,24000,148337537,J.K._Simmons,Megamind,172754,3,TRUE,USA,PG,130000000,2010,7.3,2.35
TRUE,Chris_Columbus,258,159,11000,317557891,Daniel_Radcliffe,Harry_Potter_and_the_Sorcerer's_Stone,444683,4,TRUE,UK,PG,125000000,2001,7.5,2.35
TRUE,Robert_Schwentke,208,96,16000,33592415,Ryan_Reynolds,R.I.P.D.,91640,2,TRUE,USA,PG-13,130000000,2013,5.6,2.35
TRUE,Gore_Verbinski,271,143,40000,305388685,Johnny_Depp,Pirates_of_the_Caribbean_The_Curse_of_the_Black_Pearl,809474,3,TRUE,USA,PG-13,140000000,2003,8.1,2.35
TRUE,Francis_Lawrence,403,123,34000,337103873,Jennifer_Lawrence,The_Hunger_Games_Mockingjay_-_Part_1,305008,1,TRUE,USA,PG-13,125000000,2014,6.7,2.35
TRUE,Ron_Howard,294,174,15000,217536138,Tom_Hanks,The_Da_Vinci_Code,314253,2,TRUE,USA,PG-13,125000000,2006,6.6,2.35
TRUE,Carlos_Saldanha,159,101,688,131536019,Miguel_Ferrer,Rio_2,58498,0,TRUE,USA,G,103000000,2014,6.4,2.35
TRUE,Bryan_Singer,289,134,20000,214948780,Hugh_Jackman,X-Men_2,405973,4,TRUE,Canada,PG-13,110000000,2003,7.5,2.35
TRUE,Justin_Lin,342,132,23000,209805005,Paul_Walker,Fast_Five,284792,3,TRUE,USA,PG-13,125000000,2011,7.3,2.35
TRUE,Guy_Ritchie,382,129,21000,186830669,Robert_Downey_Jr.,Sherlock_Holmes_A_Game_of_Shadows,338635,2,TRUE,USA,PG-13,125000000,2011,7.5,2.35
TRUE,Louis_Leterrier,344,106,14000,163192114,Liam_Neeson,Clash_of_the_Titans,229679,0,TRUE,USA,PG-13,125000000,2010,5.8,2.35
TRUE,Paul_Verhoeven,196,113,605,119412921,Ronny_Cox,Total_Recall,240241,0,TRUE,USA,R,65000000,1990,7.5,1.85
TRUE,John_McTiernan,85,102,845,32694788,Tony_Curran,The_13th_Warrior,101411,1,TRUE,USA,R,85000000,1999,6.6,2.35
TRUE,Tony_Gilroy,436,135,10000,113165635,Jeremy_Renner,The_Bourne_Legacy,229823,0,TRUE,USA,PG-13,125000000,2012,6.7,2.35
TRUE,Joel_Schumacher,183,125,920,107285004,Michael_Gough,Batman_&_Robin,189855,3,TRUE,USA,PG-13,125000000,1997,3.7,1.85
TRUE,Ron_Howard,175,110,1000,260031035,Clint_Howard,How_the_Grinch_Stole_Christmas,141414,0,TRUE,USA,PG,123000000,2000,6,1.85
TRUE,Roland_Emmerich,239,124,15000,186739919,Jake_Gyllenhaal,The_Day_After_Tomorrow,333248,0,TRUE,USA,PG-13,125000000,2004,6.4,2.35
TRUE,John_Woo,237,123,10000,215397307,Tom_Cruise,Mission_Impossible_II,242188,0,TRUE,USA,PG-13,125000000,2000,6.1,2.35
TRUE,Wolfgang_Petersen,231,130,784,182618434,Karen_Allen,The_Perfect_Storm,133076,0,TRUE,USA,PG-13,140000000,2000,6.4,2.35
TRUE,Tim_Story,262,92,11000,131920333,Chris_Evans,Fantastic_4_Rise_of_the_Silver_Surfer,213275,3,TRUE,USA,PG,130000000,2007,5.6,2.35
TRUE,Ang_Lee,552,127,774,124976634,Suraj_Sharma,Life_of_Pi,440084,0,TRUE,USA,PG,120000000,2012,8,1.85
TRUE,Mark_Steven_Johnson,276,123,12000,115802596,Nicolas_Cage,Ghost_Rider,182661,1,TRUE,USA,PG-13,110000000,2007,5.2,2.35
TRUE,Paul_Greengrass,267,123,13000,108521835,Matt_Damon,Jason_Bourne,40123,0,TRUE,UK,PG-13,120000000,2016,7.1,2.35
TRUE,McG,102,107,2000,100685880,Demi_Moore,Charlie's_Angels_Full_Throttle,100821,0,TRUE,USA,PG-13,120000000,2003,4.8,2.35
TRUE,Ridley_Scott,775,124,13000,126464904,Michael_Fassbender,Prometheus,456260,0,TRUE,USA,R,130000000,2012,7,2.35
TRUE,Rob_Minkoff,71,77,886,64736114,Nathan_Lane,Stuart_Little_2,36471,0,TRUE,USA,PG,120000000,2002,5.4,1.85
TRUE,Neill_Blomkamp,476,109,13000,93050117,Matt_Damon,Elysium,338087,0,TRUE,USA,R,115000000,2013,6.6,2.35
TRUE,David_Twohy,207,134,14000,57637485,Vin_Diesel,The_Chronicles_of_Riddick,183909,0,TRUE,USA,PG-13,105000000,2004,6.7,2.35
TRUE,José_Padilha,492,117,10000,58607007,Gary_Oldman,RoboCop,182899,0,TRUE,USA,PG-13,100000000,2014,6.2,2.35
TRUE,Lana_Wachowski,284,135,690,43929341,Scott_Porter,Speed_Racer,57873,0,TRUE,USA,PG,120000000,2008,6.1,2.35
TRUE,James_L._Brooks,168,121,273,30212620,Shelley_Conn,How_Do_You_Know,35066,4,TRUE,USA,PG-13,120000000,2010,5.3,1.85
TRUE,James_Mangold,283,117,10000,76418654,Tom_Cruise,Knight_and_Day,148280,0,TRUE,USA,PG-13,117000000,2010,6.3,2.35
TRUE,Joseph_Kosinski,539,124,11000,89021735,Morgan_Freeman,Oblivion,387436,0,TRUE,USA,PG-13,120000000,2013,7,2.35
TRUE,George_Lucas,359,140,20000,380262555,Natalie_Portman,Star_Wars_Episode_III_-_Revenge_of_the_Sith,520104,4,TRUE,USA,PG-13,113000000,2005,7.6,2.35
TRUE,George_Lucas,284,142,20000,310675583,Natalie_Portman,Star_Wars_Episode_II_-_Attack_of_the_Clones,464310,3,TRUE,USA,PG,115000000,2002,6.7,1.78
TRUE,Pete_Docter,250,92,12000,289907418,Steve_Buscemi,Monsters_Inc,585659,0,TRUE,USA,G,115000000,2001,8.1,1.85
TRUE,James_Mangold,440,138,20000,132550960,Hugh_Jackman,The_Wolverine,328067,1,TRUE,USA,PG-13,120000000,2013,6.7,2.35
TRUE,George_Lucas,320,136,20000,474544677,Natalie_Portman,Star_Wars_Episode_I_-_The_Phantom_Menace,534658,1,TRUE,USA,PG,115000000,1999,6.5,2.35
TRUE,Kirk_De_Micco,257,98,16000,187165546,Ryan_Reynolds,The_Croods,150618,3,TRUE,USA,PG,135000000,2013,7.3,2.35
TRUE,John_Woo,152,153,12000,40911830,Nicolas_Cage,Windtalkers,55994,0,TRUE,USA,R,115000000,2002,6,2.35
TRUE,Cedric_Nicolas-Troyan,231,120,26000,47952020,Chris_Hemsworth,The_Huntsman_Winter's_War,37750,2,TRUE,USA,PG-13,115000000,2016,6.1,2.35
TRUE,Jonathan_Liebesman,348,101,833,190871240,Noel_Fisher,Teenage_Mutant_Ninja_Turtles,167085,0,TRUE,USA,PG-13,125000000,2014,5.9,2.35
TRUE,Alfonso_Cuarón,738,91,39,274084951,Phaldut_Sharma,Gravity,582917,0,TRUE,UK,PG-13,100000000,2013,7.8,2.35
TRUE,Roger_Donaldson,93,108,650,67155742,Jamie_Renée_Smith,Dante's_Peak,62271,1,TRUE,USA,PG-13,116000000,1997,5.8,2.35
TRUE,Josh_Trank,369,100,596,56114221,Tim_Blake_Nelson,Fantastic_Four,110486,3,TRUE,USA,PG-13,120000000,2015,4.3,2.35
TRUE,Shawn_Levy,179,108,49000,250863268,Robin_Williams,Night_at_the_Museum,234480,2,TRUE,USA,PG,110000000,2006,6.4,1.85
TRUE,Brad_Peyton,358,114,12000,155181732,Dwayne_Johnson,San_Andreas,147497,0,TRUE,USA,PG-13,110000000,2015,6.1,2.35
TRUE,Roger_Spottiswoode,160,119,811,125332007,Vincent_Schiavelli,Tomorrow_Never_Dies,149680,3,TRUE,UK,PG-13,110000000,1997,6.5,2.35
TRUE,Roland_Emmerich,192,142,13000,113330342,Heath_Ledger,The_Patriot,207613,1,TRUE,USA,R,110000000,2000,7.1,2.35
TRUE,Steven_Soderbergh,198,125,11000,125531634,Brad_Pitt,Ocean's_Twelve,284852,0,TRUE,USA,PG-13,110000000,2004,6.4,2.35
TRUE,Doug_Liman,233,126,11000,186336103,Brad_Pitt,Mr._&_Mrs._Smith,348861,2,TRUE,USA,PG-13,120000000,2005,6.5,2.35
TRUE,Robert_Schwentke,263,119,14000,129995817,Kate_Winslet,Insurgent,154621,0,TRUE,USA,PG-13,110000000,2015,6.3,2.35
 FALSE,Martin_Scorsese,267,170,29000,102608827,Leonardo_DiCaprio,The_Aviator,264318,0,TRUE,USA,PG-13,110000000,2004,7.5,2.35
TRUE,Rob_Letterman,184,85,480,42776259,James_Corden,Gulliver's_Travels,53160,1,TRUE,USA,PG,112000000,2010,4.9,2.35
TRUE,Michel_Gondry,447,119,11000,98780042,Christoph_Waltz,The_Green_Hornet,136019,0,TRUE,USA,PG-13,120000000,2011,5.8,2.35
TRUE,Noam_Murro,366,102,6000,106369117,Eva_Green,300_Rise_of_an_Empire,225273,0,TRUE,USA,R,110000000,2014,6.2,2.35
TRUE,Raja_Gosnell,172,103,383,142614158,Mahadeo_Shivraj,The_Smurfs,66593,3,TRUE,USA,PG,110000000,2011,5.5,1.78
TRUE,Will_Finn,104,76,12000,50026353,Steve_Buscemi,Home_on_the_Range,13581,0,TRUE,USA,PG,110000000,2004,5.4,1.78
TRUE,Robert_Schwentke,181,120,6000,66002193,Naomi_Watts,Allegiant,44296,3,TRUE,USA,PG-13,110000000,2016,5.8,2.35
TRUE,Shawn_Levy,327,127,20000,85463309,Hugh_Jackman,Real_Steel,254841,1,TRUE,USA,PG-13,110000000,2011,7.1,2.35
TRUE,Raja_Gosnell,125,105,681,71017784,Jacob_Tremblay,The_Smurfs_2,27257,3,TRUE,USA,PG,105000000,2013,5.4,1.85
TRUE,Jan_de_Bont,79,121,673,48068396,Jason_Patric,Speed_2_Cruise_Control,60573,0,TRUE,USA,PG-13,160000000,1997,3.7,2.35
TRUE,Gavin_Hood,326,114,11000,61656849,Harrison_Ford,Ender's_Game,184561,4,TRUE,USA,PG-13,110000000,2013,6.7,2.35
TRUE,Len_Wiseman,354,129,13000,134520804,Bruce_Willis,Live_Free_or_Die_Hard,336235,1,TRUE,USA,PG-13,110000000,2007,7.2,2.35
TRUE,Peter_Jackson,297,171,16000,313837577,Christopher_Lee,The_Lord_of_the_Rings_The_Fellowship_of_the_Ring,1238746,2,TRUE,New Zealand,PG-13,93000000,2001,8.8,2.35
TRUE,Frank_Coraci,188,120,1000,24004159,Jim_Broadbent,Around_the_World_in_80_Days,68720,0,TRUE,USA,PG,110000000,2004,5.8,2.35
 FALSE,Michael_Mann,174,165,10000,58183966,Will_Smith,Ali,79186,1,TRUE,USA,R,107000000,2001,6.8,2.35
TRUE,Bo_Welch,109,82,760,100446895,Sean_Hayes,The_Cat_in_the_Hat,36033,1,TRUE,USA,PG,109000000,2003,3.8,1.85
TRUE,Alex_Proyas,225,115,10000,144795350,Will_Smith,I_Robot,387632,1,TRUE,USA,PG-13,120000000,2004,7.1,2.35
TRUE,Ridley_Scott,239,194,14000,47396698,Liam_Neeson,Kingdom_of_Heaven,217373,1,TRUE,USA,R,130000000,2005,7.2,2.35
TRUE,Rob_Minkoff,101,84,979,140015224,Chazz_Palminteri,Stuart_Little,94172,0,TRUE,Germany,PG,133000000,1999,5.9,1.85
TRUE,Ron_Clements,228,97,852,104374107,Oprah_Winfrey,The_Princess_and_the_Frog,89351,0,TRUE,USA,G,105000000,2009,7.1,1.85
TRUE,Ridley_Scott,568,151,13000,228430993,Matt_Damon,The_Martian,472488,1,TRUE,USA,PG-13,108000000,2015,8.1,2.35
TRUE,Michael_Bay,257,136,19000,35799026,Scarlett_Johansson,The_Island,263329,1,TRUE,USA,PG-13,126000000,2005,6.9,2.35
TRUE,Peter_Chelsom,62,104,752,6712451,Del_Zamora,Town_&_Country,4102,0,TRUE,New Line,R,90000000,2001,4.4,1.85
TRUE,Dominic_Sena,175,127,12000,101643008,Nicolas_Cage,Gone_in_Sixty_Seconds,218341,1,TRUE,USA,PG-13,90000000,2000,6.5,2.35
TRUE,Ridley_Scott,265,171,3000,187670866,Djimon_Hounsou,Gladiator,982637,0,TRUE,USA,R,103000000,2000,8.5,2.35
TRUE,Steven_Spielberg,252,145,10000,132014112,Tom_Cruise,Minority_Report,399651,0,TRUE,USA,PG-13,102000000,2002,7.7,2.35
TRUE,Chris_Columbus,232,174,11000,261970615,Daniel_Radcliffe,Harry_Potter_and_the_Chamber_of_Secrets,387616,1,TRUE,UK,PG,100000000,2002,7.4,2.35
 FALSE,Martin_Campbell,400,144,6000,167007184,Eva_Green,Casino_Royale,470483,1,TRUE,UK,PG-13,150000000,2006,8,2.35
TRUE,Tim_Burton,230,119,1000,180011740,Cary-Hiroyuki_Tagawa,Planet_of_the_Apes,177725,0,TRUE,USA,PG-13,100000000,2001,5.7,2.35
TRUE,James_Cameron,210,153,780,204843350,Joe_Morton,Terminator_2_Judgment_Day,744891,0,TRUE,USA,R,102000000,1991,8.5,2.35
TRUE,Michael_Mann,357,140,40000,97030725,Johnny_Depp,Public_Enemies,230931,1,TRUE,USA,R,100000000,2009,7,2.35
TRUE,Ridley_Scott,300,176,18000,130127620,Denzel_Washington,American_Gangster,324671,0,TRUE,USA,R,100000000,2007,7.8,1.85
TRUE,James_Cameron,94,141,2000,146282411,Jamie_Lee_Curtis,True_Lies,190439,0,TRUE,USA,R,115000000,1994,7.2,2.35
TRUE,Tony_Scott,267,106,18000,65452312,Denzel_Washington,The_Taking_of_Pelham_1_2_3,149998,1,TRUE,USA,R,100000000,2009,6.4,2.35
TRUE,Paul_Weitz,180,98,22000,148383780,Robert_De_Niro,Little_Fockers,85531,10,TRUE,USA,PG-13,100000000,2010,5.5,1.85
TRUE,Adam_McKay,265,116,12000,119219978,Dwayne_Johnson,The_Other_Guys,189806,2,TRUE,USA,PG-13,100000000,2010,6.7,2.35
TRUE,Chuck_Russell,81,115,1000,101228120,Vanessa_Williams,Eraser,84424,1,TRUE,USA,R,100000000,1996,6.1,2.35
TRUE,Quentin_Tarantino,765,165,29000,162804648,Leonardo_DiCaprio,Django_Unchained,955174,1,TRUE,USA,R,100000000,2012,8.5,2.35
TRUE,Gary_Trousdale,80,91,2000,100117603,Demi_Moore,The_Hunchback_of_Notre_Dame,102933,0,TRUE,USA,G,100000000,1996,6.9,1.78
TRUE,Mark_Dindal,141,78,558,89296573,Eartha_Kitt,The_Emperor's_New_Groove,128285,1,TRUE,USA,G,100000000,2000,7.3,1.66
TRUE,Simon_West,383,103,26000,85017401,Jason_Statham,The_Expendables_2,246803,3,TRUE,USA,R,92000000,2012,6.7,2.35
TRUE,Jon_Turteltaub,193,131,12000,173005002,Nicolas_Cage,National_Treasure,255447,0,TRUE,USA,PG,100000000,2004,6.9,2.35
 FALSE,Stefen_Fangmeier,170,104,3000,75030163,Djimon_Hounsou,Eragon,108076,0,TRUE,USA,PG,100000000,2006,5.1,2.35
TRUE,Spike_Jonze,333,101,925,77222184,Catherine_O'Hara,Where_the_Wild_Things_Are,87677,0,TRUE,Germany,PG,100000000,2009,6.8,2.35
TRUE,Joe_Wright,256,111,20000,34964818,Hugh_Jackman,Pan,39956,4,TRUE,USA,PG,150000000,2015,5.8,2.35
TRUE,Chris_Wedge,203,102,14000,107515297,Josh_Hutcherson,Epic,85833,2,TRUE,USA,PG,100000000,2013,6.7,2.35
TRUE,Florian_Henckel_von_Donnersmarck,321,103,40000,67631157,Johnny_Depp,The_Tourist,176598,0,TRUE,USA,PG-13,100000000,2010,6,2.35
TRUE,Peter_Hyams,174,121,1000,66862068,CCH_Pounder,End_of_Days,89509,0,TRUE,USA,R,83000000,1999,5.7,2.35
TRUE,Edward_Zwick,166,143,29000,57366262,Leonardo_DiCaprio,Blood_Diamond,400292,0,TRUE,Germany,R,100000000,2006,8,2.35
TRUE,Martin_Scorsese,606,240,29000,116866727,Leonardo_DiCaprio,The_Wolf_of_Wall_Street,780588,3,TRUE,USA,R,100000000,2013,8.2,2.35
TRUE,Joel_Schumacher,144,121,920,184031112,Michael_Gough,Batman_Forever,190786,4,TRUE,USA,PG-13,100000000,1995,5.4,1.85
TRUE,Paul_Verhoeven,192,129,660,54700065,Jake_Busey,Starship_Troopers,221521,0,TRUE,USA,R,105000000,1997,7.2,1.85
TRUE,Tom_Tykwer,511,172,15000,27098580,Tom_Hanks,Cloud_Atlas,284825,5,TRUE,Germany,R,102000000,2012,7.5,2.35
TRUE,Zack_Snyder,188,101,2000,55673333,Abbie_Cornish,Legend_of_the_Guardians_The_Owls_of_Ga'Hoole,65785,1,TRUE,USA,PG,80000000,2010,7,2.35
TRUE,Pitof,212,87,827,40198710,Frances_Conroy,Catwoman,87451,0,TRUE,USA,PG-13,100000000,2004,3.3,2.35
TRUE,Brett_Ratner,245,101,12000,72660029,Dwayne_Johnson,Hercules,115687,0,TRUE,USA,PG-13,100000000,2014,6,2.35
TRUE,Ron_Clements,127,95,23000,38120554,Joseph_Gordon-Levitt,Treasure_Planet,71527,0,TRUE,USA,PG,140000000,2002,7.1,1.5
TRUE,Brad_Silberling,167,102,8000,49392095,Will_Ferrell,Land_of_the_Lost,52029,1,TRUE,USA,PG-13,100000000,2009,5.4,1.85
TRUE,Patrick_Hughes,320,131,26000,39292022,Jason_Statham,The_Expendables_3,127258,15,TRUE,USA,PG-13,90000000,2014,6.1,2.35
TRUE,Ericson_Core,163,114,1000,28772222,Ray_Winstone,Point_Break,33953,1,TRUE,USA,PG-13,105000000,2015,5.3,2.35
TRUE,Lawrence_Guterman,78,94,490,17010646,Jamie_Kennedy,Son_of_the_Mask,40751,0,TRUE,USA,PG,84000000,2005,2.2,1.85
TRUE,Ron_Howard,289,122,26000,24985612,Chris_Hemsworth,In_the_Heart_of_the_Sea,71782,0,TRUE,USA,PG-13,100000000,2015,7,1.85
TRUE,Ron_Underwood,66,95,3000,4411102,Rosario_Dawson,The_Adventures_of_Pluto_Nash,20295,1,TRUE,USA,PG-13,100000000,2002,3.8,1.85
TRUE,Paul_Greengrass,266,115,13000,35024475,Matt_Damon,Green_Zone,110364,1,TRUE,France,R,100000000,2010,6.9,2.35
TRUE,Steve_Martino,208,88,144,130174897,Francesca_Capaldi,The_Peanuts_Movie,27918,0,TRUE,USA,G,99000000,2015,7.2,1.85
TRUE,David_Mamet,97,110,623,10200000,Ben_Gazzara,The_Spanish_Prisoner,18697,0,TRUE,USA,PG,10000000,1997,7.3,1.85
TRUE,Stephen_Sommers,202,130,12000,202007640,Dwayne_Johnson,The_Mummy_Returns,248045,5,TRUE,USA,PG-13,98000000,2001,6.3,2.35
TRUE,Martin_Scorsese,233,216,29000,77679638,Leonardo_DiCaprio,Gangs_of_New_York,314033,3,TRUE,USA,R,100000000,2002,7.5,2.35
TRUE,Yimou_Zhang,136,146,23000,9213,Christian_Bale,The_Flowers_of_War,38690,2,FALSE,China,R,94000000,2011,7.6,2.35
TRUE,Ash_Brannon,154,85,12000,58867694,Jeff_Bridges,Surf's_Up,54077,0,TRUE,USA,PG,100000000,2007,6.8,1.85
TRUE,Frank_Oz,169,93,11000,59475623,Jon_Lovitz,The_Stepford_Wives,49739,1,TRUE,USA,PG-13,90000000,2004,5.2,1.85
TRUE,Ridley_Scott,200,152,2000,108638745,Ioan_Gruffudd,Black_Hawk_Down,292022,0,TRUE,USA,R,92000000,2001,7.7,2.35
TRUE,Jay_Roach,255,85,8000,86897182,Will_Ferrell,The_Campaign,106790,0,TRUE,USA,R,95000000,2012,6.2,1.85
TRUE,Luc_Besson,173,126,14000,63540020,Milla_Jovovich,The_Fifth_Element,343274,2,TRUE,France,PG-13,93000000,1997,7.7,2.35
TRUE,Michael_Patrick_King,221,146,962,95328937,Chris_Noth,Sex_and_the_City_2,59581,4,TRUE,USA,R,100000000,2010,4.3,1.85
TRUE,Bibo_Bergeron,82,89,2000,50802661,Frank_Welker,The_Road_to_El_Dorado,58300,1,TRUE,USA,PG,95000000,2000,6.9,1.85
TRUE,Steve_Martino,233,88,22000,161317423,Peter_Dinklage,Ice_Age_Continental_Drift,145321,0,TRUE,USA,PG,95000000,2012,6.6,2.35
TRUE,Kenneth_Branagh,343,105,2000,201148159,Hayley_Atwell,Cinderella,103737,1,TRUE,USA,PG,95000000,2015,7,2.35
TRUE,Peter_Jackson,308,135,873,43982842,Michael_Imperioli,The_Lovely_Bones,125109,1,TRUE,USA,PG-13,65000000,2009,6.7,2.35
TRUE,Andrew_Stanton,301,100,1000,380838870,Alexander_Gould,Finding_Nemo,692482,0,TRUE,USA,G,94000000,2003,8.2,1.85
TRUE,Peter_Jackson,328,192,5000,377019252,Orlando_Bloom,The_Lord_of_the_Rings_The_Return_of_the_King,1215718,2,TRUE,USA,PG-13,94000000,2003,8.9,2.35
TRUE,Peter_Jackson,294,172,16000,340478898,Christopher_Lee,The_Lord_of_the_Rings_The_Two_Towers,1100446,1,TRUE,USA,PG-13,94000000,2002,8.7,2.35
TRUE,Sergey_Bodrov,175,102,12000,17176900,Jeff_Bridges,Seventh_Son,54501,4,TRUE,USA,PG-13,95000000,2014,5.5,2.35
TRUE,Simon_West,199,100,11000,131144183,Angelina_Jolie_Pitt,Lara_Croft_Tomb_Raider,157016,1,TRUE,USA,PG-13,115000000,2001,5.7,2.35
TRUE,Wally_Pfister,355,119,40000,23014504,Johnny_Depp,Transcendence,172707,1,TRUE,UK,PG-13,100000000,2014,6.3,2.35
TRUE,Joe_Johnston,198,92,693,181166115,Michael_Jeter,Jurassic_Park_III,219501,0,TRUE,USA,PG-13,93000000,2001,5.9,1.85
TRUE,Rupert_Wyatt,529,105,11000,176740650,James_Franco,Rise_of_the_Planet_of_the_Apes,403836,0,TRUE,USA,PG-13,93000000,2011,7.6,2.35
TRUE,Mark_Waters,198,107,770,71148699,Martin_Short,The_Spiderwick_Chronicles,68935,0,TRUE,USA,PG,90000000,2008,6.6,2.35
TRUE,John_Moore,412,101,13000,67344392,Bruce_Willis,A_Good_Day_to_Die_Hard,165618,2,TRUE,USA,R,92000000,2013,5.3,1.85
TRUE,John_Lee_Hancock,106,137,2000,22406362,Dennis_Quaid,The_Alamo,16832,0,TRUE,USA,PG-13,107000000,2004,6,2.35
TRUE,Brad_Bird,283,115,1000,261437578,Holly_Hunter,The_Incredibles,479166,0,TRUE,USA,PG,92000000,2004,8,2.35
TRUE,Renny_Harlin,61,124,1000,11000000,Christopher_Masterson,Cutthroat_Island,21102,3,TRUE,USA,PG-13,98000000,1995,5.6,2.35
TRUE,Chris_Columbus,217,118,8000,88761720,Logan_Lerman,Percy_Jackson_&_the_Olympians_The_Lightning_Thief,141179,0,TRUE,UK,PG,95000000,2010,5.9,2.35
TRUE,Barry_Sonnenfeld,175,98,10000,250147615,Will_Smith,Men_in_Black,403014,0,TRUE,USA,PG-13,90000000,1997,7.3,1.85
TRUE,John_Lasseter,191,82,15000,245823397,Tom_Hanks,Toy_Story_2,385871,2,TRUE,USA,G,90000000,1999,7.9,1.85
TRUE,Tony_Scott,316,98,18000,81557479,Denzel_Washington,Unstoppable,149947,1,TRUE,USA,PG-13,100000000,2010,6.8,2.35
TRUE,Brett_Ratner,127,90,191,226138454,Mei_Melançon,Rush_Hour_2,160440,2,TRUE,USA,PG-13,90000000,2001,6.6,2.35
TRUE,Robert_Zemeckis,185,130,11000,155370362,Harrison_Ford,What_Lies_Beneath,98403,0,TRUE,USA,PG-13,100000000,2000,6.6,2.35
TRUE,Phil_Lord,191,90,622,124870275,Will_Forte,Cloudy_with_a_Chance_of_Meatballs,152601,1,TRUE,USA,PG,100000000,2009,7,2.35
TRUE,Carlos_Saldanha,188,94,835,196573705,Denis_Leary,Ice_Age_Dawn_of_the_Dinosaurs,166791,0,TRUE,USA,PG,90000000,2009,7,1.85
TRUE,Ben_Stiller,362,114,3000,58229120,Adam_Scott,The_Secret_Life_of_Walter_Mitty,236421,1,TRUE,USA,PG,90000000,2013,7.3,2.35
TRUE,McG,181,94,13000,125305545,Bill_Murray,Charlie's_Angels,145350,0,TRUE,USA,PG-13,92000000,2000,5.5,2.35
TRUE,Martin_Scorsese,352,151,29000,132373442,Leonardo_DiCaprio,The_Departed,873649,0,TRUE,USA,R,90000000,2006,8.5,2.35
TRUE,Tony_Bancroft,143,88,2000,120618403,Ming-Na_Wen,Mulan,171792,0,TRUE,USA,G,90000000,1998,7.5,1.66
TRUE,Ben_Stiller,308,121,21000,110416702,Robert_Downey_Jr.,Tropic_Thunder,307539,3,TRUE,USA,R,92000000,2008,7,2.35
TRUE,David_Fincher,517,158,18000,102515793,Robin_Wright,The_Girl_with_the_Dragon_Tattoo,330152,1,TRUE,USA,R,90000000,2011,7.8,2.35
TRUE,John_McTiernan,148,128,13000,100012500,Bruce_Willis,Die_Hard_with_a_Vengeance,299258,1,TRUE,USA,R,90000000,1995,7.6,2.35
TRUE,Guy_Ritchie,415,128,21000,209019489,Robert_Downey_Jr.,Sherlock_Holmes,477300,3,TRUE,USA,PG-13,90000000,2009,7.6,1.85
TRUE,Gary_Trousdale,146,95,12000,84037039,Leonard_Nimoy,Atlantis_The_Lost_Empire,72591,0,TRUE,USA,PG,120000000,2001,6.8,2.35
TRUE,Walt_Becker,70,92,35000,85884815,Bella_Thorne,Alvin_and_the_Chipmunks_The_Road_Chip,9418,0,TRUE,USA,PG,90000000,2015,5,1.85
TRUE,Bryan_Singer,269,121,10000,83077470,Tom_Cruise,Valkyrie,183247,0,TRUE,USA,PG-13,75000000,2008,7.1,1.85
TRUE,Dennis_Dugan,198,113,11000,100018837,Adam_Sandler,You_Don't_Mess_with_the_Zohan,156348,0,TRUE,USA,PG-13,90000000,2008,5.5,1.85
TRUE,Chris_Columbus,253,106,22000,78747585,Peter_Dinklage,Pixels,89770,0,TRUE,USA,PG-13,88000000,2015,5.6,2.35
TRUE,Steven_Spielberg,281,146,3000,78616689,Haley_Joel_Osment,A.I._Artificial_Intelligence,238747,0,TRUE,USA,PG-13,100000000,2001,7.1,1.85
TRUE,Rob_Minkoff,122,88,691,75817994,Marsha_Thomason,The_Haunted_Mansion,32049,0,TRUE,USA,PG,90000000,2003,4.9,2.35
TRUE,Robert_Zemeckis,159,150,11000,100853835,Matthew_McConaughey,Contact,200556,2,TRUE,USA,PG,90000000,1997,7.4,2.35
TRUE,Paul_Verhoeven,180,119,833,73209340,Greg_Grunberg,Hollow_Man,101834,0,TRUE,USA,R,95000000,2000,5.7,1.85
TRUE,Sydney_Pollack,227,128,591,72515360,Curtiss_Cook,The_Interpreter,86152,1,FALSE,UK,PG-13,80000000,2005,6.4,2.35
TRUE,Thor_Freudenthal,183,106,8000,68558662,Logan_Lerman,Percy_Jackson_Sea_of_Monsters,86627,0,TRUE,USA,PG,90000000,2013,5.9,2.35
TRUE,Jan_de_Bont,157,117,18000,65653758,Gerard_Butler,Lara_Croft_Tomb_Raider_The_Cradle_of_Life,102747,1,TRUE,USA,PG-13,95000000,2003,5.5,2.35
TRUE,Jon_M._Chu,196,129,11000,64685359,Daniel_Radcliffe,Now_You_See_Me_2,40862,6,TRUE,USA,PG-13,90000000,2016,6.9,2.35
TRUE,Phillip_Noyce,64,116,192,61355436,Alun_Armstrong,The_Saint,52136,0,TRUE,USA,PG-13,68000000,1997,6.2,2.35
TRUE,Tony_Scott,142,114,11000,26871,Brad_Pitt,Spy_Game,121259,2,TRUE,Germany,R,92000000,2001,7,2.35
TRUE,Brian_De_Palma,181,114,3000,60874615,Don_Cheadle,Mission_to_Mars,60467,0,TRUE,USA,PG,90000000,2000,5.6,2.35
TRUE,Carlos_Saldanha,240,96,11000,143618384,Anne_Hathaway,Rio,165333,0,TRUE,USA,G,90000000,2011,7,2.35
TRUE,Chris_Columbus,93,132,49000,58220776,Robin_Williams,Bicentennial_Man,87785,0,TRUE,USA,PG,100000000,1999,6.8,1.85
TRUE,Mick_Jackson,84,104,3000,47474112,Don_Cheadle,Volcano,58227,0,TRUE,USA,PG-13,90000000,1997,5.4,1.85
TRUE,Alan_J._Pakula,66,111,11000,42877165,Harrison_Ford,The_Devil's_Own,45602,0,TRUE,USA,R,86000000,1997,6.1,2.35
TRUE,Kathryn_Bigelow,136,138,14000,35168677,Liam_Neeson,K-19_The_Widowmaker,49311,1,TRUE,UK,PG-13,100000000,2002,6.7,2.35
TRUE,Josh_Trank,369,100,596,56114221,Tim_Blake_Nelson,Fantastic_Four,110486,3,TRUE,USA,PG-13,120000000,2015,4.3,2.35
TRUE,John_Milius,166,129,919,37567440,William_Smith,Conan_the_Barbarian,113065,0,TRUE,USA,R,20000000,1982,6.9,2.35
TRUE,Ron_Howard,201,144,680,61644321,Paddy_Considine,Cinderella_Man,148238,0,TRUE,USA,PG-13,88000000,2005,8,2.35
TRUE,Andrey_Konchalovskiy,47,110,887,190562,Shirley_Henderson,The_Nutcracker_in_3D,2508,0,TRUE,UK,PG,90000000,2010,4.4,2.35
 FALSE,Gary_Ross,175,140,12000,120147445,Jeff_Bridges,Seabiscuit,57661,0,TRUE,USA,PG-13,87000000,2003,7.3,2.35
TRUE,Jan_de_Bont,114,113,22000,241688385,Philip_Seymour_Hoffman,Twister,144053,0,TRUE,USA,PG-13,92000000,1996,6.3,2.35
TRUE,Rob_Cohen,187,106,23000,144512310,Paul_Walker,The_Fast_and_the_Furious,272223,2,TRUE,USA,PG-13,38000000,2001,6.7,2.35
TRUE,Robert_Zemeckis,221,143,15000,233630478,Tom_Hanks,Cast_Away,394317,1,TRUE,USA,PG-13,90000000,2000,7.7,1.85
TRUE,George_Miller,206,108,49000,197992827,Robin_Williams,Happy_Feet,132501,0,TRUE,USA,PG,100000000,2006,6.5,2.35
TRUE,Paul_Greengrass,239,108,13000,176049130,Matt_Damon,The_Bourne_Supremacy,348232,1,TRUE,USA,PG-13,75000000,2004,7.8,2.35
TRUE,Wolfgang_Petersen,142,124,11000,172620724,Harrison_Ford,Air_Force_One,146134,1,TRUE,USA,R,85000000,1997,6.4,2.35
TRUE,Steven_Soderbergh,186,116,11000,183405771,Brad_Pitt,Ocean's_Eleven,402645,4,TRUE,USA,PG-13,85000000,2001,7.8,2.35
TRUE,Paul_W.S._Anderson,228,110,14000,20315324,Milla_Jovovich,The_Three_Musketeers,88542,8,TRUE,Germany,PG-13,75000000,2011,5.8,2.35
TRUE,Genndy_Tartakovsky,256,91,12000,148313048,Steve_Buscemi,Hotel_Transylvania,164148,2,TRUE,USA,PG,85000000,2012,7.1,1.85
TRUE,Kevin_Lima,222,107,283,127706877,Jeff_Bennett,Enchanted,142496,2,TRUE,USA,PG,85000000,2007,7.1,2.35
TRUE,Daniel_Espinosa,298,115,18000,126149655,Denzel_Washington,Safe_House,166693,1,TRUE,USA,R,85000000,2012,6.8,2.35
TRUE,Kevin_Lima,84,100,2000,66941559,Ioan_Gruffudd,102_Dalmatians,26413,1,TRUE,USA,G,85000000,2000,4.8,1.85
TRUE,Brett_Ratner,236,104,2000,78009155,Matthew_Broderick,Tower_Heist,110073,5,TRUE,USA,PG-13,75000000,2011,6.2,2.35
TRUE,Nancy_Meyers,157,138,14000,63224849,Kate_Winslet,The_Holiday,182757,3,TRUE,USA,PG-13,85000000,2006,6.9,1.85
TRUE,Tony_Scott,81,140,10000,111544445,Will_Smith,Enemy_of_the_State,188116,4,TRUE,USA,R,90000000,1998,7.3,2.35
TRUE,Nancy_Meyers,187,120,11000,112703470,Meryl_Streep,It's_Complicated,69860,2,TRUE,USA,R,85000000,2009,6.6,1.85
TRUE,Steven_Soderbergh,238,122,14000,117144465,Al_Pacino,Ocean's_Thirteen,256928,3,TRUE,USA,PG-13,85000000,2007,6.9,2.35
TRUE,Roger_Allers,107,83,4000,84303558,Jon_Favreau,Open_Season,65270,1,TRUE,USA,PG,85000000,2006,6.2,1.85
TRUE,Neil_Burger,459,139,14000,150832203,Kate_Winslet,Divergent,341058,2,TRUE,USA,PG-13,85000000,2014,6.7,2.35
TRUE,Jean-Jacques_Annaud,187,131,5000,51396781,Bob_Hoskins,Enemy_at_the_Gates,188887,1,TRUE,USA,R,68000000,2001,7.6,2.35
TRUE,Peter_Berg,151,104,12000,47592825,Dwayne_Johnson,The_Rundown,82731,1,TRUE,USA,PG-13,85000000,2003,6.7,2.35
TRUE,John_McTiernan,80,130,670,50016394,F._Murray_Abraham,Last_Action_Hero,106528,1,TRUE,USA,PG-13,70000000,1993,6.2,2.35
TRUE,Rob_Marshall,229,145,879,57010853,Li_Gong,Memoirs_of_a_Geisha,119286,1,TRUE,USA,PG-13,85000000,2005,7.3,2.35
TRUE,Justin_Lin,158,104,584,62494975,Amber_Stevens_West,The_Fast_and_the_Furious_Tokyo_Drift,179500,5,TRUE,USA,PG-13,85000000,2006,6,2.35
TRUE,Sarah_Smith,190,97,1000,46440491,Jim_Broadbent,Arthur_Christmas,35446,1,TRUE,UK,PG,100000000,2011,7.1,1.85
TRUE,Martin_Brest,98,178,12000,44606335,Anthony_Hopkins,Meet_Joe_Black,169023,0,TRUE,USA,PG-13,90000000,1998,7.1,1.85
TRUE,Andrew_Davis,135,108,672,40048332,Raymond_Cruz,Collateral_Damage,61417,1,TRUE,USA,R,85000000,2002,5.5,1.85
TRUE,Tarsem_Singh,382,106,8000,64933670,Julia_Roberts,Mirror_Mirror,70838,1,TRUE,USA,PG,85000000,2012,5.6,1.85
TRUE,Edgar_Wright,393,112,10000,31494270,Anna_Kendrick,Scott_Pilgrim_vs._the_World,273921,0,TRUE,USA,PG-13,60000000,2010,7.5,1.85
TRUE,Jon_Amiel,149,135,894,31111260,Glenn_Morshower,The_Core,77029,0,TRUE,USA,PG-13,60000000,2003,5.4,2.35
TRUE,Peter_Segal,94,109,611,123307945,Larry_Miller,Nutty_Professor_II_The_Klumps,39391,1,TRUE,USA,PG-13,65000000,2000,4.3,1.85
TRUE,Raja_Gosnell,138,86,4000,153288182,Sarah_Michelle_Gellar,Scooby-Doo,71424,3,TRUE,USA,PG,84000000,2002,4.9,1.85
TRUE,Pete_Travis,432,95,409,13401683,Wood_Harris,Dredd,203458,0,TRUE,UK,R,35000000,2012,7.1,2.35
TRUE,Frank_Coraci,173,107,11000,137340146,Adam_Sandler,Click,246492,1,TRUE,USA,PG-13,70000000,2006,6.4,1.85
TRUE,Brad_Peyton,91,82,975,43575716,Jack_McBrayer,Cats_&_Dogs_The_Revenge_of_Kitty_Galore,10233,0,TRUE,USA,PG,85000000,2010,4.3,1.85
TRUE,Doug_Liman,238,88,17000,80170146,Kristen_Stewart,Jumper,243053,0,TRUE,USA,PG-13,85000000,2008,6.1,2.35
TRUE,Guillermo_del_Toro,345,120,3000,75754670,Seth_MacFarlane,Hellboy_II_The_Golden_Army,208422,0,TRUE,USA,PG-13,85000000,2008,7,1.85
TRUE,David_Fincher,377,162,21000,33048353,Robert_Downey_Jr.,Zodiac,301279,0,TRUE,USA,R,65000000,2007,7.7,2.35
TRUE,Roger_Spottiswoode,170,123,3000,34543701,Robert_Duvall,The_6th_Day,100001,1,TRUE,USA,PG-13,82000000,2000,5.9,2.35
TRUE,Tom_Shadyac,191,101,11000,242589580,Morgan_Freeman,Bruce_Almighty,296904,1,TRUE,USA,PG-13,81000000,2003,6.7,1.85
TRUE,Sylvester_Stallone,424,113,26000,102981571,Jason_Statham,The_Expendables,270226,9,TRUE,USA,R,80000000,2010,6.5,2.35
TRUE,Brian_De_Palma,154,110,10000,180965237,Tom_Cruise,Mission_Impossible,300542,0,TRUE,USA,PG-13,80000000,1996,7.1,2.35
TRUE,Gary_Ross,673,142,34000,407999255,Jennifer_Lawrence,The_Hunger_Games,701607,0,TRUE,USA,PG-13,78000000,2012,7.3,2.35
TRUE,Todd_Phillips,383,102,14000,254455986,Bradley_Cooper,The_Hangover_Part_II,375879,0,TRUE,USA,R,80000000,2011,6.5,2.35
TRUE,Tim_Burton,153,126,920,162831698,Michael_Gough,Batman_Returns,215255,0,TRUE,USA,PG-13,80000000,1992,7,1.85
TRUE,Tim_Johnson,166,83,13000,155019340,Bruce_Willis,Over_the_Hedge,127345,1,TRUE,USA,PG,80000000,2006,6.8,1.85
TRUE,Dean_DeBlois,180,85,1000,145771527,Tia_Carrere,Lilo_&_Stitch,117212,0,TRUE,USA,PG,80000000,2002,7.2,1.66
TRUE,Mimi_Leder,125,120,11000,140459099,Morgan_Freeman,Deep_Impact,135601,0,TRUE,USA,PG-13,75000000,1998,6.1,2.35
TRUE,Dean_Parisot,234,116,13000,53215979,Bruce_Willis,RED_2,125036,7,TRUE,USA,PG-13,84000000,2013,6.7,2.35
TRUE,Peter_Segal,134,113,11000,158115031,Adam_Sandler,The_Longest_Yard,130070,11,TRUE,USA,PG-13,82000000,2005,6.4,2.35
TRUE,Mike_Mitchell,91,87,1000,133103929,Amy_Poehler,Alvin_and_the_Chipmunks_Chipwrecked,22838,0,TRUE,USA,G,75000000,2011,4.4,1.85
TRUE,Dennis_Dugan,139,101,12000,133668525,Steve_Buscemi,Grown_Ups_2,107817,4,TRUE,USA,PG-13,80000000,2013,5.4,1.85
TRUE,Peter_Segal,265,110,13000,130313314,Bill_Murray,Get_Smart,168172,1,TRUE,USA,PG-13,80000000,2008,6.5,1.85
TRUE,Nancy_Meyers,145,128,18000,124590960,Keanu_Reeves,Something's_Gotta_Give,91092,1,TRUE,USA,PG-13,80000000,2003,6.7,1.85
TRUE,Martin_Scorsese,490,138,29000,127968405,Leonardo_DiCaprio,Shutter_Island,786092,0,TRUE,USA,R,80000000,2010,8.1,2.35
TRUE,Seth_Gordon,141,88,4000,120136047,Jon_Favreau,Four_Christmases,48500,2,TRUE,Germany,PG-13,80000000,2008,5.6,1.85
TRUE,Chris_Wedge,163,91,1000,128200012,Jim_Broadbent,Robots,103022,1,TRUE,USA,PG,75000000,2005,6.3,1.85
TRUE,John_Woo,155,138,12000,112225777,Nicolas_Cage,Face/Off,283967,0,TRUE,USA,R,80000000,1997,7.3,2.35
TRUE,Adam_Shankman,144,99,11000,109993847,Adam_Sandler,Bedtime_Stories,72326,0,TRUE,USA,PG,80000000,2008,6.1,2.35
TRUE,Sam_Mendes,226,117,15000,104054514,Tom_Hanks,Road_to_Perdition,200359,0,TRUE,USA,R,80000000,2002,7.7,2.35
TRUE,Dennis_Dugan,204,117,11000,103028109,Adam_Sandler,Just_Go_with_It,172878,1,TRUE,USA,PG-13,80000000,2011,6.4,1.85
TRUE,Simon_West,139,123,12000,101087161,Steve_Buscemi,Con_Air,225282,6,TRUE,USA,R,75000000,1997,6.8,2.35
TRUE,D.J._Caruso,215,118,3000,101111837,Rosario_Dawson,Eagle_Eye,150764,3,TRUE,USA,PG-13,80000000,2008,6.6,2.35
TRUE,Anthony_Minghella,198,154,22000,95632614,Philip_Seymour_Hoffman,Cold_Mountain,118483,3,TRUE,USA,R,79000000,2003,7.2,2.35
TRUE,Albert_Hughes,325,118,18000,94822707,Denzel_Washington,The_Book_of_Eli,227072,0,TRUE,USA,R,80000000,2010,6.9,2.35
TRUE,Les_Mayfield,53,90,49000,92969824,Robin_Williams,Flubber,63625,1,TRUE,USA,PG,80000000,1997,5.2,1.85
TRUE,Jan_de_Bont,167,113,14000,91188905,Liam_Neeson,The_Haunting,58184,0,TRUE,USA,PG-13,80000000,1999,4.9,2.35
TRUE,Joe_Pytka,46,88,13000,90443603,Bill_Murray,Space_Jam,112167,1,TRUE,USA,PG,80000000,1996,6.3,1.77
TRUE,Shawn_Levy,147,93,1000,82226474,Roger_Rees,The_Pink_Panther,65499,0,TRUE,USA,PG,65000000,2006,5.6,1.85
TRUE,Scott_Derrickson,276,104,18000,79363785,Keanu_Reeves,The_Day_the_Earth_Stood_Still,139423,0,TRUE,USA,PG-13,80000000,2008,5.5,2.35
TRUE,Richard_Donner,80,135,8000,76081498,Julia_Roberts,Conspiracy_Theory,76099,1,TRUE,USA,R,75000000,1997,6.7,2.35
TRUE,David_Ayer,406,134,11000,85707116,Brad_Pitt,Fury,303185,4,TRUE,USA,R,68000000,2014,7.6,2.35
TRUE,Ivan_Reitman,97,98,11000,74329966,Harrison_Ford,Six_Days_Seven_Nights,60910,2,TRUE,USA,PG-13,70000000,1998,5.7,2.35
TRUE,Eric_Brevig,143,80,3000,100169068,Justin_Timberlake,Yogi_Bear,16385,0,TRUE,USA,PG,80000000,2010,4.6,1.85
TRUE,Kelly_Asbury,106,83,13000,73215310,Matt_Damon,Spirit_Stallion_of_the_Cimarron,44143,0,TRUE,USA,G,80000000,2002,7,2.35
TRUE,Frank_Coraci,178,102,3000,80360866,Rosario_Dawson,Zookeeper,44662,1,TRUE,USA,PG,80000000,2011,5.2,2.35
TRUE,Stephen_Hopkins,102,130,10000,69102910,Gary_Oldman,Lost_in_Space,58402,0,TRUE,USA,PG-13,80000000,1998,5.1,2.35
TRUE,Jonathan_Demme,209,129,18000,65948711,Denzel_Washington,The_Manchurian_Candidate,86422,1,TRUE,USA,R,80000000,2004,6.6,1.85
TRUE,Genndy_Tartakovsky,152,89,12000,169692572,Steve_Buscemi,Hotel_Transylvania_2,56501,0,TRUE,USA,PG,80000000,2015,6.7,1.85
TRUE,James_Algar,129,74,340,60507228,Quincy_Jones,Fantasia_2000,27543,0,TRUE,USA,G,80000000,1999,7.3,1.78
TRUE,Simon_Wells,124,96,891,56684819,Mark_Addy,The_Time_Machine,103787,0,TRUE,USA,PG-13,80000000,2002,5.9,2.35
TRUE,Ron_Underwood,35,114,9000,50628009,Charlize_Theron,Mighty_Joe_Young,22955,0,TRUE,USA,PG,90000000,1998,5.6,1.85
TRUE,Dominic_Sena,166,99,20000,69772969,Hugh_Jackman,Swordfish,155532,4,TRUE,USA,R,80000000,2001,6.5,2.35
TRUE,Martin_Campbell,137,129,2000,45356386,Michael_Emerson,The_Legend_of_Zorro,71574,1,FALSE,USA,PG,75000000,2005,5.9,2.35
TRUE,Vincent_Ward,121,113,49000,55350897,Robin_Williams,What_Dreams_May_Come,83560,1,TRUE,USA,PG-13,85000000,1998,7,2.35
TRUE,Steven_Brill,87,90,11000,39442871,Adam_Sandler,Little_Nicky,80639,0,TRUE,USA,PG-13,80000000,2000,5.3,1.85
TRUE,Terry_Gilliam,233,118,13000,37899638,Matt_Damon,The_Brothers_Grimm,98472,2,TRUE,USA,PG-13,88000000,2005,5.9,1.85
TRUE,Tim_Burton,132,106,20000,37754208,Natalie_Portman,Mars_Attacks!,172217,3,TRUE,USA,PG-13,70000000,1996,6.3,2.35
TRUE,Jonathan_Mostow,258,89,13000,38542418,Bruce_Willis,Surrogates,151424,5,TRUE,USA,PG-13,80000000,2009,6.3,2.35
TRUE,Roger_Donaldson,162,145,981,34566746,Bruce_Greenwood,Thirteen_Days,45231,1,TRUE,USA,PG-13,80000000,2000,7.3,1.85
TRUE,Rob_Cohen,61,114,13000,32885565,Sylvester_Stallone,Daylight,53132,0,TRUE,USA,PG-13,80000000,1996,5.8,1.85
TRUE,Barry_Cook,113,87,882,36073232,Charlie_Rowe,Walking_with_Dinosaurs_3D,8913,0,TRUE,USA,PG,80000000,2013,5.2,2.35
TRUE,Roger_Christian,174,119,743,21471685,Richard_Tyson,Battlefield_Earth,65464,0,TRUE,USA,PG-13,44000000,2000,2.4,2.35
TRUE,Joe_Dante,101,91,3000,20950820,Brendan_Fraser,Looney_Tunes_Back_in_Action,24183,4,TRUE,Germany,PG,80000000,2003,5.7,2.35
 FALSE,Rob_Marshall,205,118,529,19673424,Fergie,Nine,37446,4,TRUE,USA,PG-13,80000000,2009,5.8,2.35
TRUE,Richard_Donner,123,116,23000,19480739,Paul_Walker,Timeline,53057,0,TRUE,USA,PG-13,80000000,2003,5.6,2.35
TRUE,Kevin_Costner,79,177,766,17593391,Olivia_Williams,The_Postman,56403,1,TRUE,USA,R,80000000,1997,6,2.35
TRUE,George_Miller,61,97,1000,18318000,Adam_Goldberg,Babe_Pig_in_the_City,24868,0,TRUE,Australia,G,80000000,1998,5.8,1.85
TRUE,Breck_Eisner,202,106,14000,27356090,Vin_Diesel,The_Last_Witch_Hunter,58752,0,TRUE,USA,PG-13,90000000,2015,6,2.35
TRUE,Antony_Hoffman,145,106,2,17473245,Bob_Neill,Red_Planet,47612,1,TRUE,USA,PG-13,70000000,2000,5.7,2.35
TRUE,Luc_Besson,101,94,563,15131330,Mia_Farrow,Arthur_and_the_Invisibles,25843,0,TRUE,France,PG,86000000,2006,6,2.35
TRUE,Jacques_Perrin,113,104,67,19406406,Pedro_Armendáriz_Jr.,Oceans,7630,0,FALSE,France,G,40000000,2009,7.8,2.35
TRUE,Peter_Hyams,113,102,1000,1891821,David_Oyelowo,A_Sound_of_Thunder,16474,0,TRUE,UK,PG-13,52000000,2005,4.2,2.35
TRUE,Paul_W.S._Anderson,272,105,795,23219748,Sasha_Roiz,Pompeii,84508,0,TRUE,Canada,PG-13,80000000,2014,5.6,2.35
TRUE,Ron_Howard,205,135,1000,170708996,Adam_Goldberg,A_Beautiful_Mind,610568,0,TRUE,USA,PG-13,58000000,2001,8.2,1.85
TRUE,Roger_Allers,186,73,2000,422783777,Matthew_Broderick,The_Lion_King,644348,0,TRUE,USA,G,45000000,1994,8.5,1.66
TRUE,Brad_Peyton,178,94,14000,103812241,Josh_Hutcherson,Journey_2_The_Mysterious_Island,67296,3,TRUE,USA,PG,79000000,2012,5.8,1.85
TRUE,Cody_Cameron,169,95,622,119793567,Will_Forte,Cloudy_with_a_Chance_of_Meatballs_2,64387,0,TRUE,USA,PG,78000000,2013,6.5,2.35
TRUE,Brett_Ratner,210,124,22000,92930005,Philip_Seymour_Hoffman,Red_Dragon,204063,0,TRUE,Germany,R,78000000,2002,7.2,2.35
TRUE,Joe_Johnston,140,136,24000,67286731,J.K._Simmons,Hidalgo,67856,1,TRUE,USA,PG-13,100000000,2004,6.7,2.35
TRUE,Dennis_Dugan,156,91,14000,74158157,Al_Pacino,Jack_and_Jill,60370,2,TRUE,USA,PG,79000000,2011,3.4,1.85
TRUE,John_Singleton,150,107,23000,127083765,Paul_Walker,2_Fast_2_Furious,191912,5,TRUE,USA,PG-13,76000000,2003,5.9,2.35
TRUE,Mark_Osborne,119,108,12000,1339152,Jeff_Bridges,The_Little_Prince,28276,1,TRUE,France,PG,81200000,2015,7.8,2.35
TRUE,Oliver_Hirschbiegel,232,99,1000,15071514,Roger_Rees,The_Invasion,65037,2,TRUE,USA,PG-13,80000000,2007,5.9,1.85
TRUE,Des_McAnuff,49,92,22000,26000610,Robert_De_Niro,The_Adventures_of_Rocky_&_Bullwinkle,16611,0,TRUE,USA,PG,76000000,2000,4.1,1.85
TRUE,Yarrow_Cheney,165,87,1000,323505540,Steve_Coogan,The_Secret_Life_of_Pets,24407,0,TRUE,Japan,PG,75000000,2016,6.8,1.85
 FALSE,Stephen_Norrington,202,110,1000,66462600,Jason_Flemyng,The_League_of_Extraordinary_Gentlemen,141533,3,TRUE,USA,PG-13,78000000,2003,5.8,2.35
TRUE,Pierre_Coffin,306,98,7000,368049635,Steve_Carell,Despicable_Me_2,286877,0,TRUE,USA,PG,76000000,2013,7.5,1.85
